,date,temperature_2m,dew_point_2m,precipitation,weather_code,HDD,CDD
0,2024-08-27 04:00:00+00:00,64.4819,59.204643,0.0,1.0,0.518096923828125,0.0
1,2024-08-27 05:00:00+00:00,63.941902,59.011555,0.0,1.0,1.0580978393554688,0.0
2,2024-08-27 06:00:00+00:00,63.401897,57.81107,0.0,2.0,1.5981025695800781,0.0
3,2024-08-27 07:00:00+00:00,62.1419,57.57796,0.0,0.0,2.8581008911132812,0.0
4,2024-08-27 08:00:00+00:00,61.5119,57.924175,0.0,0.0,3.48809814453125,0.0
5,2024-08-27 09:00:00+00:00,61.0619,56.518917,0.0,1.0,3.938098907470703,0.0
6,2024-08-27 10:00:00+00:00,60.0719,56.190056,0.0,0.0,4.9281005859375,0.0
7,2024-08-27 11:00:00+00:00,60.4319,58.39779,0.0,0.0,4.5680999755859375,0.0
8,2024-08-27 12:00:00+00:00,64.301895,62.23393,0.0,0.0,0.6981048583984375,0.0
9,2024-08-27 13:00:00+00:00,69.6119,63.52261,0.0,0.0,0.0,4.611900329589844
10,2024-08-27 14:00:00+00:00,72.4019,65.520935,0.0,0.0,0.0,7.4019012451171875
11,2024-08-27 15:00:00+00:00,76.1819,67.678986,0.0,1.0,0.0,11.181900024414062
12,2024-08-27 16:00:00+00:00,79.6019,66.35466,0.0,0.0,0.0,14.601898193359375
13,2024-08-27 17:00:00+00:00,81.5819,65.38017,0.0,3.0,0.0,16.58190155029297
14,2024-08-27 18:00:00+00:00,83.2019,62.63765,0.0,2.0,0.0,18.20189666748047
15,2024-08-27 19:00:00+00:00,84.0119,62.21992,0.0,3.0,0.0,19.01190185546875
16,2024-08-27 20:00:00+00:00,84.3719,61.951233,0.0,0.0,0.0,19.371902465820312
17,2024-08-27 21:00:00+00:00,83.4719,62.311344,0.0,0.0,0.0,18.471900939941406
18,2024-08-27 22:00:00+00:00,81.6719,60.083176,0.0,0.0,0.0,16.671897888183594
19,2024-08-27 23:00:00+00:00,78.8819,60.832417,0.0,0.0,0.0,13.88189697265625
20,2024-08-28 00:00:00+00:00,76.0019,61.58568,0.0,0.0,0.0,11.001899719238281
21,2024-08-28 01:00:00+00:00,74.561905,61.13971,0.0,0.0,0.0,9.561904907226562
22,2024-08-28 02:00:00+00:00,73.4819,60.562374,0.0,0.0,0.0,8.481903076171875
23,2024-08-28 03:00:00+00:00,73.1219,59.330242,0.0,0.0,0.0,8.121902465820312
24,2024-08-28 04:00:00+00:00,73.6619,57.97432,0.0,2.0,0.0,8.661903381347656
25,2024-08-28 05:00:00+00:00,72.6719,59.35372,0.0,3.0,0.0,7.671897888183594
26,2024-08-28 06:00:00+00:00,73.301895,61.684948,0.0,3.0,0.0,8.301895141601562
27,2024-08-28 07:00:00+00:00,74.0219,61.073616,0.0,3.0,0.0,9.021896362304688
28,2024-08-28 08:00:00+00:00,73.4819,62.690956,0.0,0.0,0.0,8.481903076171875
29,2024-08-28 09:00:00+00:00,73.2119,63.64457,0.0,3.0,0.0,8.211898803710938
30,2024-08-28 10:00:00+00:00,73.3919,64.21175,0.0,3.0,0.0,8.391899108886719
31,2024-08-28 11:00:00+00:00,75.0119,64.15268,0.0,3.0,0.0,10.01190185546875
32,2024-08-28 12:00:00+00:00,69.7019,64.98994,0.0,3.0,0.0,4.701896667480469
33,2024-08-28 13:00:00+00:00,66.3719,63.349136,0.0,3.0,0.0,1.3719024658203125
34,2024-08-28 14:00:00+00:00,64.6619,59.7165,0.4,51.0,0.33809661865234375,0.0
35,2024-08-28 15:00:00+00:00,65.1119,59.136696,0.0,3.0,0.0,0.11190032958984375
36,2024-08-28 16:00:00+00:00,66.3719,58.578503,0.0,3.0,0.0,1.3719024658203125
37,2024-08-28 17:00:00+00:00,66.2819,57.74812,0.0,3.0,0.0,1.2818984985351562
38,2024-08-28 18:00:00+00:00,67.3619,57.63534,0.0,3.0,0.0,2.3619003295898438
39,2024-08-28 19:00:00+00:00,68.6219,55.959763,0.0,3.0,0.0,3.6219024658203125
40,2024-08-28 20:00:00+00:00,69.6119,56.89754,0.0,0.0,0.0,4.611900329589844
41,2024-08-28 21:00:00+00:00,69.4319,55.84908,0.0,0.0,0.0,4.4319000244140625
42,2024-08-28 22:00:00+00:00,68.9819,54.06206,0.0,0.0,0.0,3.981903076171875
43,2024-08-28 23:00:00+00:00,65.9219,51.190903,0.0,0.0,0.0,0.9218978881835938
44,2024-08-29 00:00:00+00:00,64.2119,51.78115,0.0,0.0,0.7881011962890625,0.0
45,2024-08-29 01:00:00+00:00,62.2319,50.321716,0.0,0.0,2.7681007385253906,0.0
46,2024-08-29 02:00:00+00:00,60.0719,49.47809,0.0,0.0,4.9281005859375,0.0
47,2024-08-29 03:00:00+00:00,58.2719,48.532516,0.0,0.0,6.728099822998047,0.0
48,2024-08-29 04:00:00+00:00,57.1019,48.530113,0.0,0.0,7.898101806640625,0.0
49,2024-08-29 05:00:00+00:00,56.2919,48.112587,0.0,1.0,8.708099365234375,0.0
50,2024-08-29 06:00:00+00:00,55.3919,47.954136,0.0,0.0,9.608100891113281,0.0
51,2024-08-29 07:00:00+00:00,54.2219,47.851044,0.0,0.0,10.778099060058594,0.0
52,2024-08-29 08:00:00+00:00,53.1419,47.464973,0.0,0.0,11.858100891113281,0.0
53,2024-08-29 09:00:00+00:00,52.6019,46.938248,0.0,0.0,12.398101806640625,0.0
54,2024-08-29 10:00:00+00:00,50.8019,45.505817,0.0,0.0,14.198101043701172,0.0
55,2024-08-29 11:00:00+00:00,50.5319,46.806885,0.0,0.0,14.468101501464844,0.0
56,2024-08-29 12:00:00+00:00,54.8519,50.74398,0.0,0.0,10.148101806640625,0.0
57,2024-08-29 13:00:00+00:00,59.8019,52.222282,0.0,0.0,5.198101043701172,0.0
58,2024-08-29 14:00:00+00:00,65.3819,52.88997,0.0,0.0,0.0,0.38189697265625
59,2024-08-29 15:00:00+00:00,67.6319,55.021896,0.0,0.0,0.0,2.63189697265625
60,2024-08-29 16:00:00+00:00,68.9819,55.42444,0.0,0.0,0.0,3.981903076171875
61,2024-08-29 17:00:00+00:00,70.6919,55.666023,0.0,0.0,0.0,5.691902160644531
62,2024-08-29 18:00:00+00:00,71.9519,53.37301,0.0,0.0,0.0,6.951896667480469
63,2024-08-29 19:00:00+00:00,73.2119,55.574837,0.0,0.0,0.0,8.211898803710938
64,2024-08-29 20:00:00+00:00,73.4819,56.831177,0.0,0.0,0.0,8.481903076171875
65,2024-08-29 21:00:00+00:00,73.301895,54.619846,0.0,0.0,0.0,8.301895141601562
66,2024-08-29 22:00:00+00:00,72.1319,53.539276,0.0,0.0,0.0,7.13189697265625
67,2024-08-29 23:00:00+00:00,69.1619,54.23092,0.0,0.0,0.0,4.161903381347656
68,2024-08-30 00:00:00+00:00,67.0019,52.204384,0.0,0.0,0.0,2.0018997192382812
69,2024-08-30 01:00:00+00:00,63.1319,51.589706,0.0,0.0,1.8680992126464844,0.0
70,2024-08-30 02:00:00+00:00,60.6119,52.28021,0.0,0.0,4.388099670410156,0.0
71,2024-08-30 03:00:00+00:00,58.901897,52.40158,0.0,0.0,6.098102569580078,0.0
72,2024-08-30 04:00:00+00:00,57.911903,51.43908,0.0,0.0,7.088096618652344,0.0
73,2024-08-30 05:00:00+00:00,57.1019,51.65943,0.0,0.0,7.898101806640625,0.0
74,2024-08-30 06:00:00+00:00,56.5619,48.731964,0.0,0.0,8.438098907470703,0.0
75,2024-08-30 07:00:00+00:00,55.9319,49.513893,0.0,0.0,9.068099975585938,0.0
76,2024-08-30 08:00:00+00:00,54.8519,50.428482,0.0,0.0,10.148101806640625,0.0
77,2024-08-30 09:00:00+00:00,54.1319,50.34808,0.0,0.0,10.868099212646484,0.0
78,2024-08-30 10:00:00+00:00,53.5019,50.035736,0.0,0.0,11.498100280761719,0.0
79,2024-08-30 11:00:00+00:00,55.3019,50.227684,0.0,0.0,9.698101043701172,0.0
80,2024-08-30 12:00:00+00:00,61.151897,54.588882,0.0,0.0,3.848102569580078,0.0
81,2024-08-30 13:00:00+00:00,66.0119,56.340237,0.0,2.0,0.0,1.01190185546875
82,2024-08-30 14:00:00+00:00,69.7919,58.342625,0.0,0.0,0.0,4.791900634765625
83,2024-08-30 15:00:00+00:00,72.4919,57.82141,0.0,0.0,0.0,7.4918975830078125
84,2024-08-30 16:00:00+00:00,74.7419,56.993996,0.0,0.0,0.0,9.741897583007812
85,2024-08-30 17:00:00+00:00,76.5419,58.141518,0.0,0.0,0.0,11.541900634765625
86,2024-08-30 18:00:00+00:00,78.1619,58.010906,0.0,0.0,0.0,13.161903381347656
87,2024-08-30 19:00:00+00:00,78.5219,58.341515,0.0,0.0,0.0,13.521896362304688
88,2024-08-30 20:00:00+00:00,78.7919,58.02589,0.0,0.0,0.0,13.791900634765625
89,2024-08-30 21:00:00+00:00,78.2519,56.37546,0.0,0.0,0.0,13.251899719238281
90,2024-08-30 22:00:00+00:00,76.5419,56.52288,0.0,0.0,0.0,11.541900634765625
91,2024-08-30 23:00:00+00:00,73.6619,53.324287,0.0,0.0,0.0,8.661903381347656
92,2024-08-31 00:00:00+00:00,72.4019,54.31031,0.0,0.0,0.0,7.4019012451171875
93,2024-08-31 01:00:00+00:00,70.6019,55.110813,0.0,0.0,0.0,5.601898193359375
94,2024-08-31 02:00:00+00:00,69.6119,51.726994,0.0,0.0,0.0,4.611900329589844
95,2024-08-31 03:00:00+00:00,68.4419,51.64496,0.0,0.0,0.0,3.4419021606445312
96,2024-08-31 04:00:00+00:00,68.8919,52.063614,0.0,0.0,0.0,3.8918991088867188
97,2024-08-31 05:00:00+00:00,67.6319,55.448692,0.0,0.0,0.0,2.63189697265625
98,2024-08-31 06:00:00+00:00,67.9019,54.844494,0.0,3.0,0.0,2.9019012451171875
99,2024-08-31 07:00:00+00:00,67.1819,55.44183,0.0,0.0,0.0,2.1819000244140625
100,2024-08-31 08:00:00+00:00,67.0019,53.55575,0.0,0.0,0.0,2.0018997192382812
101,2024-08-31 09:00:00+00:00,65.9219,53.401676,0.0,0.0,0.0,0.9218978881835938
102,2024-08-31 10:00:00+00:00,66.551895,53.56784,0.0,3.0,0.0,1.5518951416015625
103,2024-08-31 11:00:00+00:00,66.1919,53.22737,0.0,0.0,0.0,1.1919021606445312
104,2024-08-31 12:00:00+00:00,68.0819,55.014706,0.0,0.0,0.0,3.0819015502929688
105,2024-08-31 13:00:00+00:00,68.1719,55.53347,0.0,3.0,0.0,3.1718978881835938
106,2024-08-31 14:00:00+00:00,67.3619,58.789356,0.1,51.0,0.0,2.3619003295898438
107,2024-08-31 15:00:00+00:00,67.9019,60.426006,0.0,0.0,0.0,2.9019012451171875
108,2024-08-31 16:00:00+00:00,70.2419,61.945606,0.0,3.0,0.0,5.2418975830078125
109,2024-08-31 17:00:00+00:00,71.051895,62.34626,0.0,2.0,0.0,6.0518951416015625
110,2024-08-31 18:00:00+00:00,70.9619,63.758003,0.8,53.0,0.0,5.9618988037109375
111,2024-08-31 19:00:00+00:00,69.9719,62.431007,0.0,3.0,0.0,4.971900939941406
112,2024-08-31 20:00:00+00:00,71.051895,62.727577,0.0,3.0,0.0,6.0518951416015625
113,2024-08-31 21:00:00+00:00,70.2419,64.13655,0.6,53.0,0.0,5.2418975830078125
114,2024-08-31 22:00:00+00:00,69.4319,64.043526,0.0,1.0,0.0,4.4319000244140625
115,2024-08-31 23:00:00+00:00,68.7119,64.35406,0.0,2.0,0.0,3.7118988037109375
116,2024-09-01 00:00:00+00:00,69.1619,62.373272,0.0,3.0,0.0,4.161903381347656
117,2024-09-01 01:00:00+00:00,69.1619,64.12188,0.0,3.0,0.0,4.161903381347656
118,2024-09-01 02:00:00+00:00,68.801895,64.10768,0.0,2.0,0.0,3.8018951416015625
119,2024-09-01 03:00:00+00:00,68.0819,64.392914,0.0,3.0,0.0,3.0819015502929688
120,2024-09-01 04:00:00+00:00,68.2619,64.89413,0.0,2.0,0.0,3.26190185546875
121,2024-09-01 05:00:00+00:00,68.2619,65.21496,0.0,3.0,0.0,3.26190185546875
122,2024-09-01 06:00:00+00:00,68.6219,65.57033,0.0,0.0,0.0,3.6219024658203125
123,2024-09-01 07:00:00+00:00,67.3619,64.326485,0.0,3.0,0.0,2.3619003295898438
124,2024-09-01 08:00:00+00:00,66.4619,63.75331,0.0,3.0,0.0,1.4618988037109375
125,2024-09-01 09:00:00+00:00,66.4619,63.75331,0.0,0.0,0.0,1.4618988037109375
126,2024-09-01 10:00:00+00:00,66.0119,63.30846,0.0,3.0,0.0,1.01190185546875
127,2024-09-01 11:00:00+00:00,66.1019,64.324036,0.0,0.0,0.0,1.101898193359375
128,2024-09-01 12:00:00+00:00,68.2619,65.21496,0.0,3.0,0.0,3.26190185546875
129,2024-09-01 13:00:00+00:00,71.051895,64.56965,0.0,0.0,0.0,6.0518951416015625
130,2024-09-01 14:00:00+00:00,74.0219,64.0223,0.0,0.0,0.0,9.021896362304688
131,2024-09-01 15:00:00+00:00,76.9919,65.1974,0.0,0.0,0.0,11.991897583007812
132,2024-09-01 16:00:00+00:00,78.7919,66.47551,0.0,1.0,0.0,13.791900634765625
133,2024-09-01 17:00:00+00:00,80.5919,64.944984,0.0,0.0,0.0,15.591903686523438
134,2024-09-01 18:00:00+00:00,82.6619,64.33492,0.0,1.0,0.0,17.661903381347656
135,2024-09-01 19:00:00+00:00,84.2819,62.466408,0.0,1.0,0.0,19.281898498535156
136,2024-09-01 20:00:00+00:00,84.2819,59.36325,0.0,0.0,0.0,19.281898498535156
137,2024-09-01 21:00:00+00:00,83.1119,60.198174,0.0,0.0,0.0,18.111900329589844
138,2024-09-01 22:00:00+00:00,74.3819,65.16412,0.0,3.0,0.0,9.38189697265625
139,2024-09-01 23:00:00+00:00,66.3719,63.349136,0.0,3.0,0.0,1.3719024658203125
140,2024-09-02 00:00:00+00:00,66.7319,62.078377,0.7,53.0,0.0,1.731903076171875
141,2024-09-02 01:00:00+00:00,65.4719,62.77462,0.0,1.0,0.0,0.47190093994140625
142,2024-09-02 02:00:00+00:00,65.8319,62.498466,0.0,3.0,0.0,0.8319015502929688
143,2024-09-02 03:00:00+00:00,64.7519,57.01149,0.0,0.0,0.24810028076171875,0.0
144,2024-09-02 04:00:00+00:00,61.5119,56.960194,0.0,0.0,3.48809814453125,0.0
145,2024-09-02 05:00:00+00:00,59.8919,54.383972,0.0,1.0,5.108100891113281,0.0
146,2024-09-02 06:00:00+00:00,59.3519,53.856674,0.0,0.0,5.648101806640625,0.0
147,2024-09-02 07:00:00+00:00,57.911903,52.45047,0.0,0.0,7.088096618652344,0.0
148,2024-09-02 08:00:00+00:00,56.5619,51.784576,0.0,0.0,8.438098907470703,0.0
149,2024-09-02 09:00:00+00:00,55.5719,51.134697,0.0,0.0,9.4281005859375,0.0
150,2024-09-02 10:00:00+00:00,53.951897,49.22812,0.0,0.0,11.048103332519531,0.0
151,2024-09-02 11:00:00+00:00,52.6919,51.2997,0.0,2.0,12.308101654052734,0.0
152,2024-09-02 12:00:00+00:00,56.0219,54.60942,0.0,2.0,8.978099822998047,0.0
153,2024-09-02 13:00:00+00:00,59.3519,57.624474,0.0,2.0,5.648101806640625,0.0
154,2024-09-02 14:00:00+00:00,62.1419,55.5512,0.0,1.0,2.8581008911132812,0.0
155,2024-09-02 15:00:00+00:00,63.671898,53.31368,0.0,1.0,1.3281021118164062,0.0
156,2024-09-02 16:00:00+00:00,64.4819,48.44058,0.0,3.0,0.518096923828125,0.0
157,2024-09-02 17:00:00+00:00,64.3919,50.65263,0.0,1.0,0.6081008911132812,0.0
158,2024-09-02 18:00:00+00:00,66.0119,45.76003,0.0,1.0,0.0,1.01190185546875
159,2024-09-02 19:00:00+00:00,64.0319,47.540676,0.0,1.0,0.9681015014648438,0.0
160,2024-09-02 20:00:00+00:00,62.951897,46.53513,0.0,1.0,2.0481033325195312,0.0
161,2024-09-02 21:00:00+00:00,62.2319,46.341217,0.0,1.0,2.7681007385253906,0.0
162,2024-09-02 22:00:00+00:00,61.151897,44.376766,0.0,0.0,3.848102569580078,0.0
163,2024-09-02 23:00:00+00:00,59.2619,44.032352,0.0,0.0,5.73809814453125,0.0
164,2024-09-03 00:00:00+00:00,57.2819,42.632202,0.0,0.0,7.718101501464844,0.0
165,2024-09-03 01:00:00+00:00,54.491898,42.9678,0.0,0.0,10.508102416992188,0.0
166,2024-09-03 02:00:00+00:00,52.241898,44.55648,0.0,0.0,12.758102416992188,0.0
167,2024-09-03 03:00:00+00:00,51.0719,44.11424,0.0,0.0,13.9281005859375,0.0
168,2024-09-03 04:00:00+00:00,50.2619,42.987495,0.0,0.0,14.73809814453125,0.0
169,2024-09-03 05:00:00+00:00,49.8119,41.14862,0.0,0.0,15.188098907470703,0.0
170,2024-09-03 06:00:00+00:00,48.7319,40.815918,0.0,0.0,16.26810073852539,0.0
171,2024-09-03 07:00:00+00:00,47.8319,40.63425,0.0,0.0,17.16809844970703,0.0
172,2024-09-03 08:00:00+00:00,46.6619,39.837,0.0,0.0,18.33810043334961,0.0
173,2024-09-03 09:00:00+00:00,45.311897,41.967888,0.0,0.0,19.68810272216797,0.0
174,2024-09-03 10:00:00+00:00,45.311897,42.55216,0.0,0.0,19.68810272216797,0.0
175,2024-09-03 11:00:00+00:00,45.491898,43.303326,0.0,0.0,19.508102416992188,0.0
176,2024-09-03 12:00:00+00:00,49.991898,46.578358,0.0,0.0,15.008102416992188,0.0
177,2024-09-03 13:00:00+00:00,55.3019,48.560436,0.0,0.0,9.698101043701172,0.0
178,2024-09-03 14:00:00+00:00,60.3419,49.33813,0.0,0.0,4.658100128173828,0.0
179,2024-09-03 15:00:00+00:00,63.4919,49.36053,0.0,0.0,1.5080986022949219,0.0
180,2024-09-03 16:00:00+00:00,67.3619,47.54454,0.0,0.0,0.0,2.3619003295898438
181,2024-09-03 17:00:00+00:00,69.3419,46.49218,0.0,0.0,0.0,4.3419036865234375
182,2024-09-03 18:00:00+00:00,71.7719,48.07921,0.0,0.0,0.0,6.7718963623046875
183,2024-09-03 19:00:00+00:00,73.5719,47.76957,0.0,0.0,0.0,8.5718994140625
184,2024-09-03 20:00:00+00:00,73.7519,46.567238,0.0,0.0,0.0,8.751899719238281
185,2024-09-03 21:00:00+00:00,73.2119,47.447296,0.0,0.0,0.0,8.211898803710938
186,2024-09-03 22:00:00+00:00,73.0319,47.943577,0.0,0.0,0.0,8.031898498535156
187,2024-09-03 23:00:00+00:00,68.2619,49.963593,0.0,0.0,0.0,3.26190185546875
188,2024-09-04 00:00:00+00:00,65.2019,53.55877,0.0,0.0,0.0,0.20189666748046875
189,2024-09-04 01:00:00+00:00,61.961903,52.06856,0.0,0.0,3.038097381591797,0.0
190,2024-09-04 02:00:00+00:00,59.2619,50.61063,0.0,0.0,5.73809814453125,0.0
191,2024-09-04 03:00:00+00:00,58.901897,48.750965,0.0,0.0,6.098102569580078,0.0
192,2024-09-04 04:00:00+00:00,57.6419,47.54538,0.0,0.0,7.358100891113281,0.0
193,2024-09-04 05:00:00+00:00,57.1919,46.72728,0.0,0.0,7.808101654052734,0.0
194,2024-09-04 06:00:00+00:00,55.8419,46.578873,0.0,0.0,9.158100128173828,0.0
195,2024-09-04 07:00:00+00:00,54.0419,46.29643,0.0,0.0,10.958099365234375,0.0
196,2024-09-04 08:00:00+00:00,52.8719,45.85969,0.0,0.0,12.128101348876953,0.0
197,2024-09-04 09:00:00+00:00,51.4319,46.12127,0.0,0.0,13.568099975585938,0.0
198,2024-09-04 10:00:00+00:00,50.4419,46.41197,0.0,0.0,14.558101654052734,0.0
199,2024-09-04 11:00:00+00:00,50.3519,47.233116,0.0,0.0,14.648101806640625,0.0
200,2024-09-04 12:00:00+00:00,56.2919,50.868362,0.0,0.0,8.708099365234375,0.0
201,2024-09-04 13:00:00+00:00,60.7919,53.890038,0.0,0.0,4.208099365234375,0.0
202,2024-09-04 14:00:00+00:00,66.4619,55.981495,0.0,0.0,0.0,1.4618988037109375
203,2024-09-04 15:00:00+00:00,71.2319,55.700462,0.0,0.0,0.0,6.231903076171875
204,2024-09-04 16:00:00+00:00,74.0219,55.284714,0.0,0.0,0.0,9.021896362304688
205,2024-09-04 17:00:00+00:00,75.0119,57.244408,0.0,0.0,0.0,10.01190185546875
206,2024-09-04 18:00:00+00:00,76.6319,55.47789,0.0,0.0,0.0,11.63189697265625
207,2024-09-04 19:00:00+00:00,78.2519,54.55797,0.0,0.0,0.0,13.251899719238281
208,2024-09-04 20:00:00+00:00,78.7019,52.359177,0.0,0.0,0.0,13.701896667480469
209,2024-09-04 21:00:00+00:00,78.2519,52.62787,0.0,0.0,0.0,13.251899719238281
210,2024-09-04 22:00:00+00:00,75.2819,53.08003,0.0,0.0,0.0,10.281898498535156
211,2024-09-04 23:00:00+00:00,71.9519,52.304558,0.0,0.0,0.0,6.951896667480469
212,2024-09-05 00:00:00+00:00,68.6219,51.81242,0.0,0.0,0.0,3.6219024658203125
213,2024-09-05 01:00:00+00:00,64.5719,52.95953,0.0,0.0,0.4281005859375,0.0
214,2024-09-05 02:00:00+00:00,63.8519,51.01394,0.0,0.0,1.148101806640625,0.0
215,2024-09-05 03:00:00+00:00,62.5919,49.821842,0.0,0.0,2.408100128173828,0.0
216,2024-09-05 04:00:00+00:00,61.961903,49.648403,0.0,0.0,3.038097381591797,0.0
217,2024-09-05 05:00:00+00:00,60.6119,48.783043,0.0,0.0,4.388099670410156,0.0
218,2024-09-05 06:00:00+00:00,58.0919,48.739212,0.0,0.0,6.908100128173828,0.0
219,2024-09-05 07:00:00+00:00,56.741898,48.905914,0.0,0.0,8.258102416992188,0.0
220,2024-09-05 08:00:00+00:00,55.3919,48.30297,0.0,0.0,9.608100891113281,0.0
221,2024-09-05 09:00:00+00:00,54.0419,49.633957,0.0,0.0,10.958099365234375,0.0
222,2024-09-05 10:00:00+00:00,53.2319,49.152718,0.0,0.0,11.76810073852539,0.0
223,2024-09-05 11:00:00+00:00,53.0519,49.285767,0.0,0.0,11.948101043701172,0.0
224,2024-09-05 12:00:00+00:00,57.911903,54.37907,0.0,1.0,7.088096618652344,0.0
225,2024-09-05 13:00:00+00:00,62.951897,56.6867,0.0,0.0,2.0481033325195312,0.0
226,2024-09-05 14:00:00+00:00,69.3419,56.641792,0.0,0.0,0.0,4.3419036865234375
227,2024-09-05 15:00:00+00:00,74.2019,57.00158,0.0,0.0,0.0,9.201896667480469
228,2024-09-05 16:00:00+00:00,77.0819,54.114452,0.0,0.0,0.0,12.081901550292969
229,2024-09-05 17:00:00+00:00,78.1619,56.293423,0.0,0.0,0.0,13.161903381347656
230,2024-09-05 18:00:00+00:00,79.4219,56.23651,0.0,0.0,0.0,14.421897888183594
231,2024-09-05 19:00:00+00:00,79.4219,57.44191,0.0,0.0,0.0,14.421897888183594
232,2024-09-05 20:00:00+00:00,79.7819,55.941544,0.0,0.0,0.0,14.781898498535156
233,2024-09-05 21:00:00+00:00,79.4219,53.002907,0.0,0.0,0.0,14.421897888183594
234,2024-09-05 22:00:00+00:00,75.4619,54.97446,0.0,0.0,0.0,10.461898803710938
235,2024-09-05 23:00:00+00:00,72.9419,53.755665,0.0,0.0,0.0,7.941902160644531
236,2024-09-06 00:00:00+00:00,70.3319,55.791695,0.0,0.0,0.0,5.331901550292969
237,2024-09-06 01:00:00+00:00,66.7319,55.83636,0.0,0.0,0.0,1.731903076171875
238,2024-09-06 02:00:00+00:00,65.3819,53.31282,0.0,0.0,0.0,0.38189697265625
239,2024-09-06 03:00:00+00:00,64.7519,53.13075,0.0,0.0,0.24810028076171875,0.0
240,2024-09-06 04:00:00+00:00,63.4919,51.51828,0.0,0.0,1.5080986022949219,0.0
241,2024-09-06 05:00:00+00:00,62.6819,50.749084,0.0,0.0,2.3180999755859375,0.0
242,2024-09-06 06:00:00+00:00,61.8719,51.59214,0.0,0.0,3.128101348876953,0.0
243,2024-09-06 07:00:00+00:00,60.8819,51.417446,0.0,0.0,4.118099212646484,0.0
244,2024-09-06 08:00:00+00:00,60.2519,50.430046,0.0,0.0,4.748100280761719,0.0
245,2024-09-06 09:00:00+00:00,58.901897,50.263897,0.0,0.0,6.098102569580078,0.0
246,2024-09-06 10:00:00+00:00,57.5519,49.32828,0.0,0.0,7.448101043701172,0.0
247,2024-09-06 11:00:00+00:00,56.651897,49.871162,0.0,0.0,8.348102569580078,0.0
248,2024-09-06 12:00:00+00:00,61.0619,52.34411,0.0,0.0,3.938098907470703,0.0
249,2024-09-06 13:00:00+00:00,64.5719,52.543774,0.0,0.0,0.4281005859375,0.0
250,2024-09-06 14:00:00+00:00,68.2619,51.965965,0.0,0.0,0.0,3.26190185546875
251,2024-09-06 15:00:00+00:00,70.9619,56.38376,0.0,0.0,0.0,5.9618988037109375
252,2024-09-06 16:00:00+00:00,73.1219,56.495754,0.0,0.0,0.0,8.121902465820312
253,2024-09-06 17:00:00+00:00,75.6419,55.696022,0.0,0.0,0.0,10.641899108886719
254,2024-09-06 18:00:00+00:00,77.1719,52.31317,0.0,0.0,0.0,12.171897888183594
255,2024-09-06 19:00:00+00:00,77.7119,53.440758,0.0,0.0,0.0,12.711898803710938
256,2024-09-06 20:00:00+00:00,77.9819,54.930744,0.0,0.0,0.0,12.981903076171875
257,2024-09-06 21:00:00+00:00,77.5319,56.871506,0.0,0.0,0.0,12.531898498535156
258,2024-09-06 22:00:00+00:00,75.551895,55.613327,0.0,0.0,0.0,10.551895141601562
259,2024-09-06 23:00:00+00:00,72.7619,53.589813,0.0,0.0,0.0,7.76190185546875
260,2024-09-07 00:00:00+00:00,69.7019,55.654976,0.0,0.0,0.0,4.701896667480469
261,2024-09-07 01:00:00+00:00,68.0819,53.676807,0.0,0.0,0.0,3.0819015502929688
262,2024-09-07 02:00:00+00:00,66.0119,51.730568,0.0,0.0,0.0,1.01190185546875
263,2024-09-07 03:00:00+00:00,64.9319,53.301964,0.0,0.0,0.0680999755859375,0.0
264,2024-09-07 04:00:00+00:00,63.7619,53.79303,0.0,0.0,1.23809814453125,0.0
265,2024-09-07 05:00:00+00:00,63.2219,52.88332,0.0,1.0,1.7780990600585938,0.0
266,2024-09-07 06:00:00+00:00,62.2319,53.09425,0.0,0.0,2.7681007385253906,0.0
267,2024-09-07 07:00:00+00:00,60.8819,52.54064,0.0,0.0,4.118099212646484,0.0
268,2024-09-07 08:00:00+00:00,60.4319,53.54062,0.0,0.0,4.5680999755859375,0.0
269,2024-09-07 09:00:00+00:00,59.9819,53.10382,0.0,0.0,5.018100738525391,0.0
270,2024-09-07 10:00:00+00:00,59.3519,52.492287,0.0,0.0,5.648101806640625,0.0
271,2024-09-07 11:00:00+00:00,59.171898,52.664074,0.0,3.0,5.828102111816406,0.0
272,2024-09-07 12:00:00+00:00,64.6619,57.2872,0.0,3.0,0.33809661865234375,0.0
273,2024-09-07 13:00:00+00:00,67.9919,57.444187,0.0,3.0,0.0,2.9918975830078125
274,2024-09-07 14:00:00+00:00,70.3319,57.57949,0.0,3.0,0.0,5.331901550292969
275,2024-09-07 15:00:00+00:00,71.7719,59.80558,0.0,3.0,0.0,6.7718963623046875
276,2024-09-07 16:00:00+00:00,73.0319,60.136314,0.0,3.0,0.0,8.031898498535156
277,2024-09-07 17:00:00+00:00,74.3819,60.061092,0.0,3.0,0.0,9.38189697265625
278,2024-09-07 18:00:00+00:00,75.2819,58.507977,0.0,2.0,0.0,10.281898498535156
279,2024-09-07 19:00:00+00:00,74.1119,59.806965,0.0,3.0,0.0,9.111900329589844
280,2024-09-07 20:00:00+00:00,65.8319,59.489944,0.0,3.0,0.0,0.8319015502929688
281,2024-09-07 21:00:00+00:00,60.4319,58.992344,4.1,63.0,4.5680999755859375,0.0
282,2024-09-07 22:00:00+00:00,58.901897,56.581562,1.4000001,61.0,6.098102569580078,0.0
283,2024-09-07 23:00:00+00:00,58.2719,56.84564,1.4000001,61.0,6.728099822998047,0.0
284,2024-09-08 00:00:00+00:00,57.7319,55.72125,1.0,55.0,7.268100738525391,0.0
285,2024-09-08 01:00:00+00:00,57.3719,54.46299,0.3,51.0,7.628101348876953,0.0
286,2024-09-08 02:00:00+00:00,56.741898,55.033787,0.2,51.0,8.258102416992188,0.0
287,2024-09-08 03:00:00+00:00,56.2919,54.587105,0.2,51.0,8.708099365234375,0.0
288,2024-09-08 04:00:00+00:00,56.0219,54.02603,0.0,3.0,8.978099822998047,0.0
289,2024-09-08 05:00:00+00:00,56.201897,53.609474,0.0,0.0,8.798103332519531,0.0
290,2024-09-08 06:00:00+00:00,55.0319,52.152245,0.0,3.0,9.968101501464844,0.0
291,2024-09-08 07:00:00+00:00,53.4119,46.383286,0.0,0.0,11.58810043334961,0.0
292,2024-09-08 08:00:00+00:00,51.8819,41.653454,0.0,3.0,13.118099212646484,0.0
293,2024-09-08 09:00:00+00:00,50.8919,42.187862,0.0,3.0,14.108100891113281,0.0
294,2024-09-08 10:00:00+00:00,50.3519,40.938965,0.0,0.0,14.648101806640625,0.0
295,2024-09-08 11:00:00+00:00,50.0819,42.119205,0.0,0.0,14.918098449707031,0.0
296,2024-09-08 12:00:00+00:00,52.421898,42.16955,0.0,0.0,12.578102111816406,0.0
297,2024-09-08 13:00:00+00:00,54.1319,42.222218,0.0,0.0,10.868099212646484,0.0
298,2024-09-08 14:00:00+00:00,55.5719,41.471,0.0,0.0,9.4281005859375,0.0
299,2024-09-08 15:00:00+00:00,57.3719,43.162376,0.0,1.0,7.628101348876953,0.0
300,2024-09-08 16:00:00+00:00,59.2619,43.098297,0.0,3.0,5.73809814453125,0.0
301,2024-09-08 17:00:00+00:00,56.0219,44.421974,0.0,3.0,8.978099822998047,0.0
302,2024-09-08 18:00:00+00:00,57.7319,47.6315,0.0,3.0,7.268100738525391,0.0
303,2024-09-08 19:00:00+00:00,55.2119,47.7799,0.1,51.0,9.788101196289062,0.0
304,2024-09-08 20:00:00+00:00,58.6319,44.3461,0.0,1.0,6.368099212646484,0.0
305,2024-09-08 21:00:00+00:00,58.0919,44.279305,0.0,0.0,6.908100128173828,0.0
306,2024-09-08 22:00:00+00:00,56.8319,43.093178,0.0,0.0,8.168098449707031,0.0
307,2024-09-08 23:00:00+00:00,55.2119,39.786793,0.0,0.0,9.788101196289062,0.0
308,2024-09-09 00:00:00+00:00,54.491898,41.73876,0.0,0.0,10.508102416992188,0.0
309,2024-09-09 01:00:00+00:00,54.7619,42.81997,0.0,0.0,10.23809814453125,0.0
310,2024-09-09 02:00:00+00:00,55.0319,38.208466,0.0,0.0,9.968101501464844,0.0
311,2024-09-09 03:00:00+00:00,54.0419,39.147068,0.0,0.0,10.958099365234375,0.0
312,2024-09-09 04:00:00+00:00,54.3119,37.54007,0.0,0.0,10.688098907470703,0.0
313,2024-09-09 05:00:00+00:00,52.6019,39.10977,0.0,0.0,12.398101806640625,0.0
314,2024-09-09 06:00:00+00:00,54.671898,38.820557,0.0,0.0,10.328102111816406,0.0
315,2024-09-09 07:00:00+00:00,52.6019,39.951912,0.0,0.0,12.398101806640625,0.0
316,2024-09-09 08:00:00+00:00,51.1619,42.44766,0.0,0.0,13.83810043334961,0.0
317,2024-09-09 09:00:00+00:00,49.901897,41.592484,0.0,0.0,15.098102569580078,0.0
318,2024-09-09 10:00:00+00:00,49.7219,41.41899,0.0,0.0,15.278099060058594,0.0
319,2024-09-09 11:00:00+00:00,49.2719,42.028812,0.0,45.0,15.728099822998047,0.0
320,2024-09-09 12:00:00+00:00,52.151897,44.117317,0.0,0.0,12.848102569580078,0.0
321,2024-09-09 13:00:00+00:00,55.8419,46.203255,0.0,0.0,9.158100128173828,0.0
322,2024-09-09 14:00:00+00:00,59.3519,48.394302,0.0,0.0,5.648101806640625,0.0
323,2024-09-09 15:00:00+00:00,63.3119,50.503063,0.0,1.0,1.6880989074707031,0.0
324,2024-09-09 16:00:00+00:00,65.8319,51.106445,0.0,0.0,0.0,0.8319015502929688
325,2024-09-09 17:00:00+00:00,68.4419,51.64496,0.0,1.0,0.0,3.4419021606445312
326,2024-09-09 18:00:00+00:00,68.3519,50.559956,0.0,1.0,0.0,3.351898193359375
327,2024-09-09 19:00:00+00:00,66.3719,51.150475,0.4,51.0,0.0,1.3719024658203125
328,2024-09-09 20:00:00+00:00,65.561905,55.9085,0.0,3.0,0.0,0.5619049072265625
329,2024-09-09 21:00:00+00:00,63.941902,56.589596,0.0,1.0,1.0580978393554688,0.0
330,2024-09-09 22:00:00+00:00,63.3119,57.037132,0.0,0.0,1.6880989074707031,0.0
331,2024-09-09 23:00:00+00:00,61.7819,54.850918,0.0,0.0,3.2181015014648438,0.0
332,2024-09-10 00:00:00+00:00,60.9719,56.430656,0.0,3.0,4.028099060058594,0.0
333,2024-09-10 01:00:00+00:00,60.8819,57.617878,0.0,1.0,4.118099212646484,0.0
334,2024-09-10 02:00:00+00:00,59.8919,55.693943,0.0,3.0,5.108100891113281,0.0
335,2024-09-10 03:00:00+00:00,58.8119,54.63332,0.0,0.0,6.188098907470703,0.0
336,2024-09-10 04:00:00+00:00,57.1019,53.26922,0.0,0.0,7.898101806640625,0.0
337,2024-09-10 05:00:00+00:00,56.4719,52.01744,0.0,0.0,8.528099060058594,0.0
338,2024-09-10 06:00:00+00:00,54.8519,49.46194,0.0,0.0,10.148101806640625,0.0
339,2024-09-10 07:00:00+00:00,52.9619,49.50386,0.0,0.0,12.038101196289062,0.0
340,2024-09-10 08:00:00+00:00,51.7919,47.426815,0.0,45.0,13.208099365234375,0.0
341,2024-09-10 09:00:00+00:00,51.1619,48.032063,0.0,45.0,13.83810043334961,0.0
342,2024-09-10 10:00:00+00:00,49.0019,45.901505,0.0,45.0,15.998100280761719,0.0
343,2024-09-10 11:00:00+00:00,48.4619,46.244473,0.0,0.0,16.538101196289062,0.0
344,2024-09-10 12:00:00+00:00,52.7819,51.102875,0.0,0.0,12.218101501464844,0.0
345,2024-09-10 13:00:00+00:00,57.1919,52.076202,0.0,0.0,7.808101654052734,0.0
346,2024-09-10 14:00:00+00:00,60.5219,51.4503,0.0,0.0,4.478099822998047,0.0
347,2024-09-10 15:00:00+00:00,63.5819,48.99453,0.0,0.0,1.4180984497070312,0.0
348,2024-09-10 16:00:00+00:00,65.7419,44.958054,0.0,0.0,0.0,0.7418975830078125
349,2024-09-10 17:00:00+00:00,67.9019,43.965225,0.0,0.0,0.0,2.9019012451171875
350,2024-09-10 18:00:00+00:00,70.5119,42.273094,0.0,0.0,0.0,5.51190185546875
351,2024-09-10 19:00:00+00:00,72.8519,38.73973,0.0,0.0,0.0,7.851898193359375
352,2024-09-10 20:00:00+00:00,72.2219,39.063507,0.0,0.0,0.0,7.221900939941406
353,2024-09-10 21:00:00+00:00,71.5019,38.43993,0.0,0.0,0.0,6.501899719238281
354,2024-09-10 22:00:00+00:00,69.1619,42.481003,0.0,0.0,0.0,4.161903381347656
355,2024-09-10 23:00:00+00:00,64.301895,44.193527,0.0,0.0,0.6981048583984375,0.0
356,2024-09-11 00:00:00+00:00,60.3419,45.50092,0.0,0.0,4.658100128173828,0.0
357,2024-09-11 01:00:00+00:00,57.0119,45.36278,0.0,0.0,7.98809814453125,0.0
358,2024-09-11 02:00:00+00:00,54.5819,45.3689,0.0,0.0,10.418098449707031,0.0
359,2024-09-11 03:00:00+00:00,53.2319,43.700886,0.0,0.0,11.76810073852539,0.0
360,2024-09-11 04:00:00+00:00,51.7919,43.414,0.0,0.0,13.208099365234375,0.0
361,2024-09-11 05:00:00+00:00,50.8019,45.505817,0.0,0.0,14.198101043701172,0.0
362,2024-09-11 06:00:00+00:00,51.0719,46.406857,0.0,0.0,13.9281005859375,0.0
363,2024-09-11 07:00:00+00:00,50.2619,46.235138,0.0,0.0,14.73809814453125,0.0
364,2024-09-11 08:00:00+00:00,48.9119,44.601368,0.0,0.0,16.08810043334961,0.0
365,2024-09-11 09:00:00+00:00,47.921898,43.008057,0.0,0.0,17.078102111816406,0.0
366,2024-09-11 10:00:00+00:00,47.1119,42.52703,0.0,0.0,17.888099670410156,0.0
367,2024-09-11 11:00:00+00:00,47.0219,42.746986,0.0,0.0,17.978099822998047,0.0
368,2024-09-11 12:00:00+00:00,52.5119,47.49861,0.0,0.0,12.48809814453125,0.0
369,2024-09-11 13:00:00+00:00,57.7319,49.501945,0.0,0.0,7.268100738525391,0.0
370,2024-09-11 14:00:00+00:00,62.3219,52.022552,0.0,0.0,2.6781005859375,0.0
371,2024-09-11 15:00:00+00:00,67.2719,52.457733,0.0,0.0,0.0,2.2718963623046875
372,2024-09-11 16:00:00+00:00,70.7819,53.821648,0.0,0.0,0.0,5.781898498535156
373,2024-09-11 17:00:00+00:00,73.301895,54.087357,0.0,0.0,0.0,8.301895141601562
374,2024-09-11 18:00:00+00:00,74.9219,53.914413,0.0,0.0,0.0,9.921897888183594
375,2024-09-11 19:00:00+00:00,76.0019,54.323936,0.0,0.0,0.0,11.001899719238281
376,2024-09-11 20:00:00+00:00,76.4519,53.542953,0.0,0.0,0.0,11.451896667480469
377,2024-09-11 21:00:00+00:00,75.6419,52.19677,0.0,0.0,0.0,10.641899108886719
378,2024-09-11 22:00:00+00:00,72.7619,52.499004,0.0,0.0,0.0,7.76190185546875
379,2024-09-11 23:00:00+00:00,69.5219,50.60357,0.0,0.0,0.0,4.5218963623046875
380,2024-09-12 00:00:00+00:00,65.9219,50.729027,0.0,0.0,0.0,0.9218978881835938
381,2024-09-12 01:00:00+00:00,61.961903,51.282883,0.0,0.0,3.038097381591797,0.0
382,2024-09-12 02:00:00+00:00,59.5319,50.12161,0.0,0.0,5.468101501464844,0.0
383,2024-09-12 03:00:00+00:00,58.451897,48.70503,0.0,0.0,6.548103332519531,0.0
384,2024-09-12 04:00:00+00:00,56.651897,47.728905,0.0,0.0,8.348102569580078,0.0
385,2024-09-12 05:00:00+00:00,55.0319,47.253304,0.0,0.0,9.968101501464844,0.0
386,2024-09-12 06:00:00+00:00,53.8619,46.8196,0.0,0.0,11.138099670410156,0.0
387,2024-09-12 07:00:00+00:00,52.6019,47.2642,0.0,0.0,12.398101806640625,0.0
388,2024-09-12 08:00:00+00:00,51.5219,47.16194,0.0,0.0,13.478099822998047,0.0
389,2024-09-12 09:00:00+00:00,51.1619,45.533585,0.0,0.0,13.83810043334961,0.0
390,2024-09-12 10:00:00+00:00,50.4419,44.831207,0.0,0.0,14.558101654052734,0.0
391,2024-09-12 11:00:00+00:00,50.2619,44.32941,0.0,0.0,14.73809814453125,0.0
392,2024-09-12 12:00:00+00:00,54.8519,50.109688,0.0,0.0,10.148101806640625,0.0
393,2024-09-12 13:00:00+00:00,58.9919,53.505135,0.0,0.0,6.008098602294922,0.0
394,2024-09-12 14:00:00+00:00,63.8519,54.267746,0.0,0.0,1.148101806640625,0.0
395,2024-09-12 15:00:00+00:00,67.7219,55.107155,0.0,0.0,0.0,2.7219009399414062
396,2024-09-12 16:00:00+00:00,70.6919,56.587257,0.0,0.0,0.0,5.691902160644531
397,2024-09-12 17:00:00+00:00,71.7719,60.22818,0.0,1.0,0.0,6.7718963623046875
398,2024-09-12 18:00:00+00:00,74.0219,59.722248,0.0,0.0,0.0,9.021896362304688
399,2024-09-12 19:00:00+00:00,76.3619,60.981827,0.0,0.0,0.0,11.361900329589844
400,2024-09-12 20:00:00+00:00,77.2619,61.825233,0.0,0.0,0.0,12.26190185546875
401,2024-09-12 21:00:00+00:00,77.3519,60.435753,0.0,0.0,0.0,12.351898193359375
402,2024-09-12 22:00:00+00:00,73.9319,60.98841,0.0,0.0,0.0,8.931900024414062
403,2024-09-12 23:00:00+00:00,71.3219,59.799683,0.0,0.0,0.0,6.3218994140625
404,2024-09-13 00:00:00+00:00,68.801895,58.218468,0.0,0.0,0.0,3.8018951416015625
405,2024-09-13 01:00:00+00:00,66.3719,57.83489,0.0,0.0,0.0,1.3719024658203125
406,2024-09-13 02:00:00+00:00,64.3919,57.738075,0.0,0.0,0.6081008911132812,0.0
407,2024-09-13 03:00:00+00:00,62.5019,58.579597,0.0,0.0,2.4981002807617188,0.0
408,2024-09-13 04:00:00+00:00,61.2419,58.592724,0.0,0.0,3.758098602294922,0.0
409,2024-09-13 05:00:00+00:00,60.161903,58.130142,0.0,2.0,4.838096618652344,0.0
410,2024-09-13 06:00:00+00:00,59.5319,56.595867,0.0,2.0,5.468101501464844,0.0
411,2024-09-13 07:00:00+00:00,58.5419,54.68542,0.0,3.0,6.458099365234375,0.0
412,2024-09-13 08:00:00+00:00,59.2619,56.329266,0.0,1.0,5.73809814453125,0.0
413,2024-09-13 09:00:00+00:00,57.5519,54.024532,0.0,0.0,7.448101043701172,0.0
414,2024-09-13 10:00:00+00:00,55.6619,51.85295,0.0,1.0,9.33810043334961,0.0
415,2024-09-13 11:00:00+00:00,55.2119,52.026493,0.0,2.0,9.788101196289062,0.0
416,2024-09-13 12:00:00+00:00,58.6319,57.203423,0.0,3.0,6.368099212646484,0.0
417,2024-09-13 13:00:00+00:00,63.3119,60.639244,0.0,2.0,1.6880989074707031,0.0
418,2024-09-13 14:00:00+00:00,67.6319,62.284065,0.0,3.0,0.0,2.63189697265625
419,2024-09-13 15:00:00+00:00,70.7819,63.2155,0.0,2.0,0.0,5.781898498535156
420,2024-09-13 16:00:00+00:00,74.561905,64.133965,0.0,0.0,0.0,9.561904907226562
421,2024-09-13 17:00:00+00:00,77.9819,65.26697,0.0,0.0,0.0,12.981903076171875
422,2024-09-13 18:00:00+00:00,78.7919,63.738216,0.0,0.0,0.0,13.791900634765625
423,2024-09-13 19:00:00+00:00,79.3319,63.277058,0.0,0.0,0.0,14.331901550292969
424,2024-09-13 20:00:00+00:00,79.9619,60.220097,0.0,0.0,0.0,14.961898803710938
425,2024-09-13 21:00:00+00:00,78.4319,62.435627,0.0,0.0,0.0,13.431900024414062
426,2024-09-13 22:00:00+00:00,76.3619,61.456593,0.0,0.0,0.0,11.361900329589844
427,2024-09-13 23:00:00+00:00,73.2119,60.30674,0.0,0.0,0.0,8.211898803710938
428,2024-09-14 00:00:00+00:00,69.0719,60.055077,0.0,0.0,0.0,4.0718994140625
429,2024-09-14 01:00:00+00:00,66.551895,59.11825,0.0,0.0,0.0,1.5518951416015625
430,2024-09-14 02:00:00+00:00,65.2919,57.165886,0.0,0.0,0.0,0.291900634765625
431,2024-09-14 03:00:00+00:00,63.1319,56.16111,0.0,0.0,1.8680992126464844,0.0
432,2024-09-14 04:00:00+00:00,61.6019,56.38876,0.0,0.0,3.398101806640625,0.0
433,2024-09-14 05:00:00+00:00,60.7919,57.215187,0.0,0.0,4.208099365234375,0.0
434,2024-09-14 06:00:00+00:00,60.7919,55.59673,0.0,2.0,4.208099365234375,0.0
435,2024-09-14 07:00:00+00:00,59.171898,54.34073,0.0,0.0,5.828102111816406,0.0
436,2024-09-14 08:00:00+00:00,58.0019,54.467697,0.0,0.0,6.998100280761719,0.0
437,2024-09-14 09:00:00+00:00,57.4619,54.55187,0.0,0.0,7.5381011962890625,0.0
438,2024-09-14 10:00:00+00:00,56.5619,53.049545,0.0,2.0,8.438098907470703,0.0
439,2024-09-14 11:00:00+00:00,56.5619,52.423542,0.0,0.0,8.438098907470703,0.0
440,2024-09-14 12:00:00+00:00,60.0719,58.927265,0.0,0.0,4.9281005859375,0.0
441,2024-09-14 13:00:00+00:00,65.0219,62.329758,0.0,0.0,0.0,0.0218963623046875
442,2024-09-14 14:00:00+00:00,69.7919,65.41427,0.0,1.0,0.0,4.791900634765625
443,2024-09-14 15:00:00+00:00,74.561905,66.497925,0.0,0.0,0.0,9.561904907226562
444,2024-09-14 16:00:00+00:00,77.6219,66.22408,0.0,0.0,0.0,12.621902465820312
445,2024-09-14 17:00:00+00:00,78.8819,65.67342,0.0,0.0,0.0,13.88189697265625
446,2024-09-14 18:00:00+00:00,80.2319,65.08995,0.0,0.0,0.0,15.231903076171875
447,2024-09-14 19:00:00+00:00,81.1319,64.95961,0.0,0.0,0.0,16.13189697265625
448,2024-09-14 20:00:00+00:00,82.7519,63.340027,0.0,0.0,0.0,17.75189971923828
449,2024-09-14 21:00:00+00:00,81.4919,62.719017,0.0,0.0,0.0,16.491897583007812
450,2024-09-14 22:00:00+00:00,79.5119,62.949883,0.0,0.0,0.0,14.51190185546875
451,2024-09-14 23:00:00+00:00,76.7219,60.836617,0.0,0.0,0.0,11.721900939941406
452,2024-09-15 00:00:00+00:00,73.301895,61.259705,0.0,0.0,0.0,8.301895141601562
453,2024-09-15 01:00:00+00:00,70.5119,61.051125,0.0,0.0,0.0,5.51190185546875
454,2024-09-15 02:00:00+00:00,67.0919,61.7562,0.0,0.0,0.0,2.0919036865234375
455,2024-09-15 03:00:00+00:00,65.4719,61.49986,0.0,0.0,0.0,0.47190093994140625
456,2024-09-15 04:00:00+00:00,63.8519,60.228264,0.0,0.0,1.148101806640625,0.0
457,2024-09-15 05:00:00+00:00,63.401897,58.813454,0.0,0.0,1.5981025695800781,0.0
458,2024-09-15 06:00:00+00:00,63.2219,57.29429,0.0,0.0,1.7780990600585938,0.0
459,2024-09-15 07:00:00+00:00,61.961903,57.072845,0.0,0.0,3.038097381591797,0.0
460,2024-09-15 08:00:00+00:00,60.6119,56.721085,0.0,0.0,4.388099670410156,0.0
461,2024-09-15 09:00:00+00:00,59.2619,55.708534,0.0,0.0,5.73809814453125,0.0
462,2024-09-15 10:00:00+00:00,58.8119,55.884922,0.0,0.0,6.188098907470703,0.0
463,2024-09-15 11:00:00+00:00,58.1819,54.644966,0.0,0.0,6.8180999755859375,0.0
464,2024-09-15 12:00:00+00:00,62.1419,59.789154,0.0,0.0,2.8581008911132812,0.0
465,2024-09-15 13:00:00+00:00,66.8219,63.79339,0.0,0.0,0.0,1.8218994140625
466,2024-09-15 14:00:00+00:00,71.5019,66.41232,0.0,0.0,0.0,6.501899719238281
467,2024-09-15 15:00:00+00:00,75.551895,66.682594,0.0,0.0,0.0,10.551895141601562
468,2024-09-15 16:00:00+00:00,78.8819,69.08889,0.0,1.0,0.0,13.88189697265625
469,2024-09-15 17:00:00+00:00,79.5119,69.693665,0.0,0.0,0.0,14.51190185546875
470,2024-09-15 18:00:00+00:00,81.5819,64.88064,0.0,0.0,0.0,16.58190155029297
471,2024-09-15 19:00:00+00:00,82.0319,62.676117,0.0,0.0,0.0,17.031898498535156
472,2024-09-15 20:00:00+00:00,83.0219,59.499313,0.0,0.0,0.0,18.021896362304688
473,2024-09-15 21:00:00+00:00,81.8519,61.398735,0.0,0.0,0.0,16.851898193359375
474,2024-09-15 22:00:00+00:00,80.051895,60.849915,0.0,0.0,0.0,15.051895141601562
475,2024-09-15 23:00:00+00:00,74.561905,60.230507,0.0,0.0,0.0,9.561904907226562
476,2024-09-16 00:00:00+00:00,72.0419,58.758312,0.0,0.0,0.0,7.041900634765625
477,2024-09-16 01:00:00+00:00,69.2519,60.989796,0.0,0.0,0.0,4.251899719238281
478,2024-09-16 02:00:00+00:00,66.6419,61.654976,0.0,0.0,0.0,1.6418991088867188
479,2024-09-16 03:00:00+00:00,66.3719,60.015495,0.0,0.0,0.0,1.3719024658203125
480,2024-09-16 04:00:00+00:00,64.5719,56.09931,0.0,0.0,0.4281005859375,0.0
481,2024-09-16 05:00:00+00:00,62.411903,56.161045,0.0,0.0,2.5880966186523438,0.0
482,2024-09-16 06:00:00+00:00,61.6019,55.372517,0.0,0.0,3.398101806640625,0.0
483,2024-09-16 07:00:00+00:00,60.8819,55.350655,0.0,0.0,4.118099212646484,0.0
484,2024-09-16 08:00:00+00:00,60.2519,55.39836,0.0,0.0,4.748100280761719,0.0
485,2024-09-16 09:00:00+00:00,59.8919,54.716652,0.0,0.0,5.108100891113281,0.0
486,2024-09-16 10:00:00+00:00,59.3519,54.188587,0.0,0.0,5.648101806640625,0.0
487,2024-09-16 11:00:00+00:00,58.901897,54.076313,0.0,0.0,6.098102569580078,0.0
488,2024-09-16 12:00:00+00:00,62.7719,59.794937,0.0,0.0,2.228099822998047,0.0
489,2024-09-16 13:00:00+00:00,67.5419,62.53605,0.0,0.0,0.0,2.541900634765625
490,2024-09-16 14:00:00+00:00,71.8619,62.347923,0.0,1.0,0.0,6.861900329589844
491,2024-09-16 15:00:00+00:00,75.7319,63.133495,0.0,0.0,0.0,10.731903076171875
492,2024-09-16 16:00:00+00:00,78.3419,64.25218,0.0,0.0,0.0,13.341903686523438
493,2024-09-16 17:00:00+00:00,79.9619,66.24036,0.0,0.0,0.0,14.961898803710938
494,2024-09-16 18:00:00+00:00,81.4919,65.78792,0.0,0.0,0.0,16.491897583007812
495,2024-09-16 19:00:00+00:00,82.7519,63.88362,0.0,0.0,0.0,17.75189971923828
496,2024-09-16 20:00:00+00:00,83.0219,62.472477,0.0,0.0,0.0,18.021896362304688
497,2024-09-16 21:00:00+00:00,81.6719,61.23352,0.0,0.0,0.0,16.671897888183594
498,2024-09-16 22:00:00+00:00,78.2519,62.267323,0.0,0.0,0.0,13.251899719238281
499,2024-09-16 23:00:00+00:00,75.3719,61.905003,0.0,0.0,0.0,10.371902465820312
500,2024-09-17 00:00:00+00:00,72.6719,60.23114,0.0,0.0,0.0,7.671897888183594
501,2024-09-17 01:00:00+00:00,69.7919,61.886066,0.0,0.0,0.0,4.791900634765625
502,2024-09-17 02:00:00+00:00,68.1719,61.051487,0.0,0.0,0.0,3.1718978881835938
503,2024-09-17 03:00:00+00:00,66.4619,61.140335,0.0,0.0,0.0,1.4618988037109375
504,2024-09-17 04:00:00+00:00,65.0219,60.06896,0.0,0.0,0.0,0.0218963623046875
505,2024-09-17 05:00:00+00:00,63.671898,59.730034,0.0,0.0,1.3281021118164062,0.0
506,2024-09-17 06:00:00+00:00,63.4919,56.86336,0.0,0.0,1.5080986022949219,0.0
507,2024-09-17 07:00:00+00:00,61.961903,55.72298,0.0,0.0,3.038097381591797,0.0
508,2024-09-17 08:00:00+00:00,60.4319,55.574635,0.0,0.0,4.5680999755859375,0.0
509,2024-09-17 09:00:00+00:00,59.5319,55.018524,0.0,0.0,5.468101501464844,0.0
510,2024-09-17 10:00:00+00:00,58.451897,53.635612,0.0,0.0,6.548103332519531,0.0
511,2024-09-17 11:00:00+00:00,58.0919,53.283047,0.0,3.0,6.908100128173828,0.0
512,2024-09-17 12:00:00+00:00,61.691902,57.136696,0.0,0.0,3.3080978393554688,0.0
513,2024-09-17 13:00:00+00:00,66.1919,58.4044,0.0,2.0,0.0,1.1919021606445312
514,2024-09-17 14:00:00+00:00,69.0719,61.1898,0.0,3.0,0.0,4.0718994140625
515,2024-09-17 15:00:00+00:00,73.8419,60.009315,0.0,0.0,0.0,8.841903686523438
516,2024-09-17 16:00:00+00:00,77.6219,61.186523,0.0,0.0,0.0,12.621902465820312
517,2024-09-17 17:00:00+00:00,78.7919,64.210655,0.0,0.0,0.0,13.791900634765625
518,2024-09-17 18:00:00+00:00,80.2319,65.08995,0.0,0.0,0.0,15.231903076171875
519,2024-09-17 19:00:00+00:00,81.2219,64.54488,0.0,0.0,0.0,16.221900939941406
520,2024-09-17 20:00:00+00:00,82.6619,57.903664,0.0,0.0,0.0,17.661903381347656
521,2024-09-17 21:00:00+00:00,81.5819,56.27873,0.0,0.0,0.0,16.58190155029297
522,2024-09-17 22:00:00+00:00,78.0719,59.02314,0.0,0.0,0.0,13.0718994140625
523,2024-09-17 23:00:00+00:00,73.4819,57.322308,0.0,0.0,0.0,8.481903076171875
524,2024-09-18 00:00:00+00:00,69.2519,57.410057,0.0,0.0,0.0,4.251899719238281
525,2024-09-18 01:00:00+00:00,66.1019,60.101685,0.0,0.0,0.0,1.101898193359375
526,2024-09-18 02:00:00+00:00,64.9319,59.980854,0.0,0.0,0.0680999755859375,0.0
527,2024-09-18 03:00:00+00:00,63.3119,60.013893,0.0,0.0,1.6880989074707031,0.0
528,2024-09-18 04:00:00+00:00,61.8719,58.906334,0.0,0.0,3.128101348876953,0.0
529,2024-09-18 05:00:00+00:00,60.701897,57.126556,0.0,0.0,4.298103332519531,0.0
530,2024-09-18 06:00:00+00:00,60.6119,56.721085,0.0,1.0,4.388099670410156,0.0
531,2024-09-18 07:00:00+00:00,59.441902,55.57051,0.0,0.0,5.558097839355469,0.0
532,2024-09-18 08:00:00+00:00,58.901897,55.35401,0.0,0.0,6.098102569580078,0.0
533,2024-09-18 09:00:00+00:00,58.8119,55.884922,0.0,2.0,6.188098907470703,0.0
534,2024-09-18 10:00:00+00:00,60.0719,57.129066,0.0,2.0,4.9281005859375,0.0
535,2024-09-18 11:00:00+00:00,58.451897,54.59691,0.0,0.0,6.548103332519531,0.0
536,2024-09-18 12:00:00+00:00,62.0519,59.393547,0.0,0.0,2.948101043701172,0.0
537,2024-09-18 13:00:00+00:00,65.7419,62.089138,0.0,0.0,0.0,0.7418975830078125
538,2024-09-18 14:00:00+00:00,69.7919,62.985367,0.0,0.0,0.0,4.791900634765625
539,2024-09-18 15:00:00+00:00,74.0219,63.617146,0.0,0.0,0.0,9.021896362304688
540,2024-09-18 16:00:00+00:00,76.2719,62.75525,0.0,0.0,0.0,11.271896362304688
541,2024-09-18 17:00:00+00:00,79.1519,64.07617,0.0,0.0,0.0,14.151901245117188
542,2024-09-18 18:00:00+00:00,80.7719,64.62312,0.0,0.0,0.0,15.771896362304688
543,2024-09-18 19:00:00+00:00,81.5819,62.802216,0.0,0.0,0.0,16.58190155029297
544,2024-09-18 20:00:00+00:00,81.2219,63.523735,0.0,0.0,0.0,16.221900939941406
545,2024-09-18 21:00:00+00:00,79.4219,62.865913,0.0,1.0,0.0,14.421897888183594
546,2024-09-18 22:00:00+00:00,75.6419,65.167496,0.0,1.0,0.0,10.641899108886719
547,2024-09-18 23:00:00+00:00,73.5719,60.64758,0.0,1.0,0.0,8.5718994140625
548,2024-09-19 00:00:00+00:00,69.7019,59.87983,0.0,3.0,0.0,4.701896667480469
549,2024-09-19 01:00:00+00:00,67.4519,61.417496,0.0,3.0,0.0,2.4518966674804688
550,2024-09-19 02:00:00+00:00,67.0019,59.554184,0.0,2.0,0.0,2.0018997192382812
551,2024-09-19 03:00:00+00:00,64.5719,60.28947,0.0,3.0,0.4281005859375,0.0
552,2024-09-19 04:00:00+00:00,63.2219,59.60795,0.0,3.0,1.7780990600585938,0.0
553,2024-09-19 05:00:00+00:00,62.7719,58.845085,0.0,3.0,2.228099822998047,0.0
554,2024-09-19 06:00:00+00:00,62.5019,58.256935,0.0,3.0,2.4981002807617188,0.0
555,2024-09-19 07:00:00+00:00,61.0619,57.481056,0.0,1.0,3.938098907470703,0.0
556,2024-09-19 08:00:00+00:00,60.4319,56.860687,0.0,0.0,4.5680999755859375,0.0
557,2024-09-19 09:00:00+00:00,59.441902,55.25202,0.0,2.0,5.558097839355469,0.0
558,2024-09-19 10:00:00+00:00,58.9919,53.505135,0.0,0.0,6.008098602294922,0.0
559,2024-09-19 11:00:00+00:00,58.6319,53.484486,0.0,2.0,6.368099212646484,0.0
560,2024-09-19 12:00:00+00:00,62.411903,60.360504,0.0,0.0,2.5880966186523438,0.0
561,2024-09-19 13:00:00+00:00,66.7319,64.02022,0.0,0.0,0.0,1.731903076171875
562,2024-09-19 14:00:00+00:00,70.1519,63.693943,0.0,0.0,0.0,5.1519012451171875
563,2024-09-19 15:00:00+00:00,73.6619,65.627884,0.0,0.0,0.0,8.661903381347656
564,2024-09-19 16:00:00+00:00,75.3719,65.316505,0.0,0.0,0.0,10.371902465820312
565,2024-09-19 17:00:00+00:00,78.1619,63.14676,0.0,0.0,0.0,13.161903381347656
566,2024-09-19 18:00:00+00:00,79.7819,61.66654,0.0,0.0,0.0,14.781898498535156
567,2024-09-19 19:00:00+00:00,80.2319,62.083546,0.0,0.0,0.0,15.231903076171875
568,2024-09-19 20:00:00+00:00,80.5919,57.297176,0.0,0.0,0.0,15.591903686523438
569,2024-09-19 21:00:00+00:00,77.7119,58.148994,0.0,0.0,0.0,12.711898803710938
570,2024-09-19 22:00:00+00:00,76.2719,59.926704,0.0,1.0,0.0,11.271896362304688
571,2024-09-19 23:00:00+00:00,73.2119,58.497868,0.0,0.0,0.0,8.211898803710938
572,2024-09-20 00:00:00+00:00,70.4219,58.94261,0.0,0.0,0.0,5.421897888183594
573,2024-09-20 01:00:00+00:00,68.6219,58.447693,0.0,0.0,0.0,3.6219024658203125
574,2024-09-20 02:00:00+00:00,66.0119,57.86123,0.0,0.0,0.0,1.01190185546875
575,2024-09-20 03:00:00+00:00,63.7619,58.835316,0.0,0.0,1.23809814453125,0.0
576,2024-09-20 04:00:00+00:00,63.2219,57.635334,0.0,0.0,1.7780990600585938,0.0
577,2024-09-20 05:00:00+00:00,61.961903,56.740772,0.0,0.0,3.038097381591797,0.0
578,2024-09-20 06:00:00+00:00,61.961903,55.72298,0.0,0.0,3.038097381591797,0.0
579,2024-09-20 07:00:00+00:00,61.6019,55.026306,0.0,0.0,3.398101806640625,0.0
580,2024-09-20 08:00:00+00:00,59.711903,55.195045,0.0,3.0,5.288097381591797,0.0
581,2024-09-20 09:00:00+00:00,60.3419,56.77206,0.0,3.0,4.658100128173828,0.0
582,2024-09-20 10:00:00+00:00,60.8819,57.30381,0.0,45.0,4.118099212646484,0.0
583,2024-09-20 11:00:00+00:00,61.5119,60.065674,0.0,45.0,3.48809814453125,0.0
584,2024-09-20 12:00:00+00:00,61.421898,60.851425,0.0,3.0,3.5781021118164062,0.0
585,2024-09-20 13:00:00+00:00,62.6819,61.22843,0.0,3.0,2.3180999755859375,0.0
586,2024-09-20 14:00:00+00:00,65.4719,61.49986,0.0,0.0,0.0,0.47190093994140625
587,2024-09-20 15:00:00+00:00,70.4219,62.866837,0.0,0.0,0.0,5.421897888183594
588,2024-09-20 16:00:00+00:00,73.8419,62.61968,0.0,0.0,0.0,8.841903686523438
589,2024-09-20 17:00:00+00:00,75.0119,64.971405,0.0,0.0,0.0,10.01190185546875
590,2024-09-20 18:00:00+00:00,77.4419,63.40379,0.0,0.0,0.0,12.441902160644531
591,2024-09-20 19:00:00+00:00,78.7019,63.17448,0.0,1.0,0.0,13.701896667480469
592,2024-09-20 20:00:00+00:00,77.0819,62.1327,0.0,0.0,0.0,12.081901550292969
593,2024-09-20 21:00:00+00:00,76.4519,62.925297,0.0,0.0,0.0,11.451896667480469
594,2024-09-20 22:00:00+00:00,75.0119,62.450676,0.0,0.0,0.0,10.01190185546875
595,2024-09-20 23:00:00+00:00,71.8619,61.549675,0.0,0.0,0.0,6.861900329589844
596,2024-09-21 00:00:00+00:00,71.1419,59.628273,0.0,0.0,0.0,6.141899108886719
597,2024-09-21 01:00:00+00:00,70.1519,59.508812,0.0,3.0,0.0,5.1519012451171875
598,2024-09-21 02:00:00+00:00,67.9919,60.51319,0.0,0.0,0.0,2.9918975830078125
599,2024-09-21 03:00:00+00:00,65.8319,59.137524,0.0,0.0,0.0,0.8319015502929688
600,2024-09-21 04:00:00+00:00,66.1019,59.752724,0.0,0.0,0.0,1.101898193359375
601,2024-09-21 05:00:00+00:00,64.4819,58.175983,0.0,0.0,0.518096923828125,0.0
602,2024-09-21 06:00:00+00:00,62.6819,57.77785,0.0,1.0,2.3180999755859375,0.0
603,2024-09-21 07:00:00+00:00,62.0519,56.15366,0.0,0.0,2.948101043701172,0.0
604,2024-09-21 08:00:00+00:00,60.2519,54.735497,0.0,0.0,4.748100280761719,0.0
605,2024-09-21 09:00:00+00:00,59.8919,53.70775,0.0,0.0,5.108100891113281,0.0
606,2024-09-21 10:00:00+00:00,58.8119,52.99462,0.0,0.0,6.188098907470703,0.0
607,2024-09-21 11:00:00+00:00,57.3719,51.923107,0.0,1.0,7.628101348876953,0.0
608,2024-09-21 12:00:00+00:00,60.2519,53.713997,0.0,0.0,4.748100280761719,0.0
609,2024-09-21 13:00:00+00:00,63.7619,55.31823,0.0,0.0,1.23809814453125,0.0
610,2024-09-21 14:00:00+00:00,67.3619,56.437607,0.0,1.0,0.0,2.3619003295898438
611,2024-09-21 15:00:00+00:00,71.051895,58.69421,0.0,0.0,0.0,6.0518951416015625
612,2024-09-21 16:00:00+00:00,73.7519,58.535366,0.0,1.0,0.0,8.751899719238281
613,2024-09-21 17:00:00+00:00,75.0119,57.244408,0.0,0.0,0.0,10.01190185546875
614,2024-09-21 18:00:00+00:00,76.5419,58.66317,0.0,1.0,0.0,11.541900634765625
615,2024-09-21 19:00:00+00:00,76.0919,59.758705,0.0,0.0,0.0,11.091903686523438
616,2024-09-21 20:00:00+00:00,75.551895,58.759453,0.0,1.0,0.0,10.551895141601562
617,2024-09-21 21:00:00+00:00,74.2019,59.427876,0.0,0.0,0.0,9.201896667480469
618,2024-09-21 22:00:00+00:00,72.0419,60.48528,0.0,1.0,0.0,7.041900634765625
619,2024-09-21 23:00:00+00:00,70.5119,57.74997,0.0,0.0,0.0,5.51190185546875
620,2024-09-22 00:00:00+00:00,69.1619,57.324497,0.0,0.0,0.0,4.161903381347656
621,2024-09-22 01:00:00+00:00,66.3719,57.456425,0.0,0.0,0.0,1.3719024658203125
622,2024-09-22 02:00:00+00:00,64.9319,54.118317,0.0,0.0,0.0680999755859375,0.0
623,2024-09-22 03:00:00+00:00,64.1219,52.531483,0.0,0.0,0.8780975341796875,0.0
624,2024-09-22 04:00:00+00:00,63.1319,52.797256,0.0,1.0,1.8680992126464844,0.0
625,2024-09-22 05:00:00+00:00,61.961903,52.454006,0.0,0.0,3.038097381591797,0.0
626,2024-09-22 06:00:00+00:00,60.9719,52.62744,0.0,0.0,4.028099060058594,0.0
627,2024-09-22 07:00:00+00:00,60.3419,52.744823,0.0,0.0,4.658100128173828,0.0
628,2024-09-22 08:00:00+00:00,59.5319,51.961006,0.0,0.0,5.468101501464844,0.0
629,2024-09-22 09:00:00+00:00,58.6319,50.73225,0.0,0.0,6.368099212646484,0.0
630,2024-09-22 10:00:00+00:00,57.4619,49.957718,0.0,0.0,7.5381011962890625,0.0
631,2024-09-22 11:00:00+00:00,57.0119,49.166836,0.0,2.0,7.98809814453125,0.0
632,2024-09-22 12:00:00+00:00,60.161903,53.97062,0.0,2.0,4.838096618652344,0.0
633,2024-09-22 13:00:00+00:00,63.401897,53.83593,0.0,0.0,1.5981025695800781,0.0
634,2024-09-22 14:00:00+00:00,66.1919,55.72335,0.0,0.0,0.0,1.1919021606445312
635,2024-09-22 15:00:00+00:00,69.2519,56.120945,0.0,0.0,0.0,4.251899719238281
636,2024-09-22 16:00:00+00:00,71.5919,56.510063,0.0,1.0,0.0,6.5919036865234375
637,2024-09-22 17:00:00+00:00,71.5919,55.55745,0.0,1.0,0.0,6.5919036865234375
638,2024-09-22 18:00:00+00:00,72.311905,56.71116,0.0,3.0,0.0,7.3119049072265625
639,2024-09-22 19:00:00+00:00,72.4919,55.90874,0.0,3.0,0.0,7.4918975830078125
640,2024-09-22 20:00:00+00:00,72.2219,55.160763,0.0,0.0,0.0,7.221900939941406
641,2024-09-22 21:00:00+00:00,71.5919,55.070053,0.0,0.0,0.0,6.5919036865234375
642,2024-09-22 22:00:00+00:00,69.7019,54.737457,0.0,0.0,0.0,4.701896667480469
643,2024-09-22 23:00:00+00:00,66.1019,51.359825,0.0,0.0,0.0,1.101898193359375
644,2024-09-23 00:00:00+00:00,66.1919,49.059086,0.0,0.0,0.0,1.1919021606445312
645,2024-09-23 01:00:00+00:00,64.1219,48.57748,0.0,0.0,0.8780975341796875,0.0
646,2024-09-23 02:00:00+00:00,62.8619,47.8625,0.0,0.0,2.1380996704101562,0.0
647,2024-09-23 03:00:00+00:00,61.0619,49.620205,0.0,0.0,3.938098907470703,0.0
648,2024-09-23 04:00:00+00:00,60.6119,49.99378,0.0,0.0,4.388099670410156,0.0
649,2024-09-23 05:00:00+00:00,59.6219,48.249866,0.0,0.0,5.378101348876953,0.0
650,2024-09-23 06:00:00+00:00,59.0819,45.646976,0.0,0.0,5.918098449707031,0.0
651,2024-09-23 07:00:00+00:00,58.1819,43.92337,0.0,0.0,6.8180999755859375,0.0
652,2024-09-23 08:00:00+00:00,57.5519,43.33149,0.0,0.0,7.448101043701172,0.0
653,2024-09-23 09:00:00+00:00,57.3719,43.60154,0.0,2.0,7.628101348876953,0.0
654,2024-09-23 10:00:00+00:00,58.0019,44.62847,0.0,3.0,6.998100280761719,0.0
655,2024-09-23 11:00:00+00:00,58.451897,46.32023,0.0,2.0,6.548103332519531,0.0
656,2024-09-23 12:00:00+00:00,59.0819,47.329594,0.0,1.0,5.918098449707031,0.0
657,2024-09-23 13:00:00+00:00,60.5219,48.697548,0.0,0.0,4.478099822998047,0.0
658,2024-09-23 14:00:00+00:00,62.0519,49.73372,0.0,1.0,2.948101043701172,0.0
659,2024-09-23 15:00:00+00:00,63.941902,51.099083,0.0,1.0,1.0580978393554688,0.0
660,2024-09-23 16:00:00+00:00,64.301895,51.439644,0.0,3.0,0.6981048583984375,0.0
661,2024-09-23 17:00:00+00:00,66.4619,52.15371,0.0,3.0,0.0,1.4618988037109375
662,2024-09-23 18:00:00+00:00,66.6419,52.322952,0.0,2.0,0.0,1.6418991088867188
663,2024-09-23 19:00:00+00:00,66.9119,54.339737,0.0,2.0,0.0,1.9119033813476562
664,2024-09-23 20:00:00+00:00,66.6419,54.083908,0.0,2.0,0.0,1.6418991088867188
665,2024-09-23 21:00:00+00:00,66.1019,52.263916,0.0,2.0,0.0,1.101898193359375
666,2024-09-23 22:00:00+00:00,64.3919,52.788315,0.0,1.0,0.6081008911132812,0.0
667,2024-09-23 23:00:00+00:00,63.1319,50.7575,0.0,1.0,1.8680992126464844,0.0
668,2024-09-24 00:00:00+00:00,63.941902,50.228554,0.0,2.0,1.0580978393554688,0.0
669,2024-09-24 01:00:00+00:00,61.421898,49.13646,0.0,0.0,3.5781021118164062,0.0
670,2024-09-24 02:00:00+00:00,60.3419,47.69266,0.0,0.0,4.658100128173828,0.0
671,2024-09-24 03:00:00+00:00,58.9919,48.051075,0.0,0.0,6.008098602294922,0.0
672,2024-09-24 04:00:00+00:00,58.451897,48.32041,0.0,0.0,6.548103332519531,0.0
673,2024-09-24 05:00:00+00:00,57.1019,48.161686,0.0,0.0,7.898101806640625,0.0
674,2024-09-24 06:00:00+00:00,56.5619,47.64235,0.0,0.0,8.438098907470703,0.0
675,2024-09-24 07:00:00+00:00,55.3019,46.430466,0.0,0.0,9.698101043701172,0.0
676,2024-09-24 08:00:00+00:00,54.1319,45.66883,0.0,0.0,10.868099212646484,0.0
677,2024-09-24 09:00:00+00:00,53.8619,45.40868,0.0,0.0,11.138099670410156,0.0
678,2024-09-24 10:00:00+00:00,53.1419,45.072823,0.0,0.0,11.858100891113281,0.0
679,2024-09-24 11:00:00+00:00,51.701897,45.732105,0.0,1.0,13.298103332519531,0.0
680,2024-09-24 12:00:00+00:00,55.3919,47.601234,0.0,0.0,9.608100891113281,0.0
681,2024-09-24 13:00:00+00:00,60.0719,46.580482,0.0,0.0,4.9281005859375,0.0
682,2024-09-24 14:00:00+00:00,63.0419,47.097065,0.0,1.0,1.958099365234375,0.0
683,2024-09-24 15:00:00+00:00,64.4819,48.914036,0.0,0.0,0.518096923828125,0.0
684,2024-09-24 16:00:00+00:00,66.8219,52.492195,0.0,1.0,0.0,1.8218994140625
685,2024-09-24 17:00:00+00:00,67.5419,51.77404,0.0,3.0,0.0,2.541900634765625
686,2024-09-24 18:00:00+00:00,69.7919,50.852486,0.0,1.0,0.0,4.791900634765625
687,2024-09-24 19:00:00+00:00,70.1519,49.550575,0.0,0.0,0.0,5.1519012451171875
688,2024-09-24 20:00:00+00:00,69.6119,49.609478,0.0,0.0,0.0,4.611900329589844
689,2024-09-24 21:00:00+00:00,67.9919,49.71404,0.0,0.0,0.0,2.9918975830078125
690,2024-09-24 22:00:00+00:00,64.8419,48.776413,0.0,3.0,0.1580963134765625,0.0
691,2024-09-24 23:00:00+00:00,62.2319,47.27218,0.0,3.0,2.7681007385253906,0.0
692,2024-09-25 00:00:00+00:00,61.421898,45.11033,0.0,1.0,3.5781021118164062,0.0
693,2024-09-25 01:00:00+00:00,59.5319,45.191498,0.0,0.0,5.468101501464844,0.0
694,2024-09-25 02:00:00+00:00,58.0919,45.141163,0.0,0.0,6.908100128173828,0.0
695,2024-09-25 03:00:00+00:00,57.6419,44.715942,0.0,0.0,7.358100891113281,0.0
696,2024-09-25 04:00:00+00:00,56.741898,44.69834,0.0,3.0,8.258102416992188,0.0
697,2024-09-25 05:00:00+00:00,56.4719,44.442223,0.0,3.0,8.528099060058594,0.0
698,2024-09-25 06:00:00+00:00,56.651897,45.819748,0.0,3.0,8.348102569580078,0.0
699,2024-09-25 07:00:00+00:00,56.8319,47.152275,0.0,3.0,8.168098449707031,0.0
700,2024-09-25 08:00:00+00:00,56.3819,48.558014,0.0,3.0,8.618099212646484,0.0
701,2024-09-25 09:00:00+00:00,55.0319,49.963596,0.6,53.0,9.968101501464844,0.0
702,2024-09-25 10:00:00+00:00,54.1319,50.961357,0.8,53.0,10.868099212646484,0.0
703,2024-09-25 11:00:00+00:00,53.5019,50.34001,0.90000004,53.0,11.498100280761719,0.0
704,2024-09-25 12:00:00+00:00,53.951897,51.680645,0.90000004,53.0,11.048103332519531,0.0
705,2024-09-25 13:00:00+00:00,55.4819,52.29277,0.0,3.0,9.51810073852539,0.0
706,2024-09-25 14:00:00+00:00,54.9419,52.955345,0.0,3.0,10.058101654052734,0.0
707,2024-09-25 15:00:00+00:00,56.8319,53.929756,0.0,2.0,8.168098449707031,0.0
708,2024-09-25 16:00:00+00:00,59.2619,54.753735,0.0,3.0,5.73809814453125,0.0
709,2024-09-25 17:00:00+00:00,61.2419,55.022057,0.0,3.0,3.758098602294922,0.0
710,2024-09-25 18:00:00+00:00,61.8719,53.124092,0.0,3.0,3.128101348876953,0.0
711,2024-09-25 19:00:00+00:00,62.5019,52.194714,0.0,3.0,2.4981002807617188,0.0
712,2024-09-25 20:00:00+00:00,63.1319,51.997505,0.0,3.0,1.8680992126464844,0.0
713,2024-09-25 21:00:00+00:00,59.9819,54.471855,0.1,51.0,5.018100738525391,0.0
714,2024-09-25 22:00:00+00:00,59.5319,53.357246,0.0,3.0,5.468101501464844,0.0
715,2024-09-25 23:00:00+00:00,58.0019,53.194904,0.0,3.0,6.998100280761719,0.0
716,2024-09-26 00:00:00+00:00,58.5419,51.356483,0.0,3.0,6.458099365234375,0.0
717,2024-09-26 01:00:00+00:00,57.0119,52.865513,1.5,61.0,7.98809814453125,0.0
718,2024-09-26 02:00:00+00:00,56.2919,52.78363,3.5,63.0,8.708099365234375,0.0
719,2024-09-26 03:00:00+00:00,56.3819,53.18035,0.8,53.0,8.618099212646484,0.0
720,2024-09-26 04:00:00+00:00,56.651897,54.65059,0.3,51.0,8.348102569580078,0.0
721,2024-09-26 05:00:00+00:00,56.741898,54.14342,1.1,55.0,8.258102416992188,0.0
722,2024-09-26 06:00:00+00:00,56.741898,53.840885,0.2,51.0,8.258102416992188,0.0
723,2024-09-26 07:00:00+00:00,57.0119,54.410397,0.0,3.0,7.98809814453125,0.0
724,2024-09-26 08:00:00+00:00,57.1919,54.285248,0.1,51.0,7.808101654052734,0.0
725,2024-09-26 09:00:00+00:00,57.1019,54.79947,0.0,3.0,7.898101806640625,0.0
726,2024-09-26 10:00:00+00:00,57.1919,54.285248,0.0,3.0,7.808101654052734,0.0
727,2024-09-26 11:00:00+00:00,57.3719,54.76635,0.8,53.0,7.628101348876953,0.0
728,2024-09-26 12:00:00+00:00,57.5519,55.245,7.6,65.0,7.448101043701172,0.0
729,2024-09-26 13:00:00+00:00,58.0919,56.37381,2.0,61.0,6.908100128173828,0.0
730,2024-09-26 14:00:00+00:00,58.5419,57.113976,1.4000001,61.0,6.458099365234375,0.0
731,2024-09-26 15:00:00+00:00,59.171898,57.44581,0.4,51.0,5.828102111816406,0.0
732,2024-09-26 16:00:00+00:00,60.3419,58.60712,0.9,53.0,4.658100128173828,0.0
733,2024-09-26 17:00:00+00:00,61.691902,59.343666,1.2,55.0,3.3080978393554688,0.0
734,2024-09-26 18:00:00+00:00,61.691902,59.343666,1.5,61.0,3.3080978393554688,0.0
735,2024-09-26 19:00:00+00:00,62.3219,59.03775,0.0,3.0,2.6781005859375,0.0
736,2024-09-26 20:00:00+00:00,64.7519,61.114407,0.0,3.0,0.24810028076171875,0.0
737,2024-09-26 21:00:00+00:00,65.0219,60.7313,0.0,0.0,0.0,0.0218963623046875
738,2024-09-26 22:00:00+00:00,63.3119,58.725212,0.0,3.0,1.6880989074707031,0.0
739,2024-09-26 23:00:00+00:00,61.6019,57.373173,0.0,0.0,3.398101806640625,0.0
740,2024-09-27 00:00:00+00:00,60.6119,57.351643,0.0,0.0,4.388099670410156,0.0
741,2024-09-27 01:00:00+00:00,59.171898,57.148754,0.0,0.0,5.828102111816406,0.0
742,2024-09-27 02:00:00+00:00,58.1819,55.567257,0.0,0.0,6.8180999755859375,0.0
743,2024-09-27 03:00:00+00:00,57.3719,54.76635,0.0,2.0,7.628101348876953,0.0
744,2024-09-27 04:00:00+00:00,57.0119,53.492725,0.0,3.0,7.98809814453125,0.0
745,2024-09-27 05:00:00+00:00,57.8219,53.01862,0.0,3.0,7.1781005859375,0.0
746,2024-09-27 06:00:00+00:00,57.3719,52.900146,0.0,3.0,7.628101348876953,0.0
747,2024-09-27 07:00:00+00:00,57.5519,55.837803,0.0,3.0,7.448101043701172,0.0
748,2024-09-27 08:00:00+00:00,58.451897,57.603233,0.0,3.0,6.548103332519531,0.0
749,2024-09-27 09:00:00+00:00,58.451897,57.02453,0.0,3.0,6.548103332519531,0.0
750,2024-09-27 10:00:00+00:00,58.1819,57.04653,0.0,3.0,6.8180999755859375,0.0
751,2024-09-27 11:00:00+00:00,57.911903,57.349968,0.0,3.0,7.088096618652344,0.0
752,2024-09-27 12:00:00+00:00,59.0819,58.230934,0.0,3.0,5.918098449707031,0.0
753,2024-09-27 13:00:00+00:00,59.6219,58.76895,0.0,3.0,5.378101348876953,0.0
754,2024-09-27 14:00:00+00:00,61.421898,57.83555,0.0,1.0,3.5781021118164062,0.0
755,2024-09-27 15:00:00+00:00,63.401897,57.469765,0.0,0.0,1.5981025695800781,0.0
756,2024-09-27 16:00:00+00:00,65.3819,56.880356,0.0,0.0,0.0,0.38189697265625
757,2024-09-27 17:00:00+00:00,67.0919,56.58381,0.0,0.0,0.0,2.0919036865234375
758,2024-09-27 18:00:00+00:00,68.1719,55.53347,0.0,0.0,0.0,3.1718978881835938
759,2024-09-27 19:00:00+00:00,68.801895,55.695484,0.0,0.0,0.0,3.8018951416015625
760,2024-09-27 20:00:00+00:00,68.5319,56.302895,0.0,0.0,0.0,3.5318984985351562
761,2024-09-27 21:00:00+00:00,67.4519,56.11374,0.0,0.0,0.0,2.4518966674804688
762,2024-09-27 22:00:00+00:00,64.7519,55.51649,0.0,0.0,0.24810028076171875,0.0
763,2024-09-27 23:00:00+00:00,62.411903,54.01631,0.0,0.0,2.5880966186523438,0.0
764,2024-09-28 00:00:00+00:00,60.8819,53.267345,0.0,0.0,4.118099212646484,0.0
765,2024-09-28 01:00:00+00:00,59.171898,53.00674,0.0,0.0,5.828102111816406,0.0
766,2024-09-28 02:00:00+00:00,58.0019,53.51803,0.0,3.0,6.998100280761719,0.0
767,2024-09-28 03:00:00+00:00,57.1919,52.076202,0.0,0.0,7.808101654052734,0.0
